Generation,Strain,0copy_mCherry,1copy_mCherry,Multicopy_mCherry,0copy_mCitrine,1copy_mCitrine,Multicopy_mCitrine 
3,DGY1_1,99.97,0.03,0,100,0,0
3,DGY1_2,99.91,0.09,0,99.96,0,0
3,DGY1_3,99.78,0.09,0,99.91,0.01,0
3,DGY500_1,99.37,0.12,0,0.04,85.8,13.32
3,DGY500_2,99.03,0.21,0,0.06,80.63,17.94
3,DGY500_3,98.98,0.12,0,0,80.89,17.89
3,DGY1315_1,98.41,0.24,0,0.01,1.76,97.76
3,DGY1315_2,99.13,0.17,0,0.03,0.29,99.57
3,DGY1315_3,98.84,0.33,0,0.04,0.03,99.91
3,DGY1657_1,98.44,0.2,0,0.05,89.92,9.37
3,DGY1657_2,99.13,0.29,0,0.03,92.64,6.8
3,DGY1657_3,98.9,0.27,0,0.03,88.08,11.16
3,DGY2331_1,0.03,1.04,97.12,99.94,0,0.03
3,DGY2331_2,0,0.84,97.45,99.93,0.01,0
3,DGY2331_3,0,0.66,97.76,100,0,0
3,DGY2349_1,0.01,90.07,7.45,99.97,0.03,0
3,DGY2349_2,0,94.87,3.63,99.95,0,0
3,DGY2349_3,0,94.6,3.71,99.96,0,0
3,DGY2543_1,0.09,91.43,5.9,0.06,92.56,6.74
3,DGY2543_2,0,89.95,7.17,0.03,90.31,8.91
3,DGY2543_3,0.03,88.49,8.49,0.13,84.49,14.14
3,DGY2546_1,0.03,83.99,11.77,0.07,76.81,21.3
3,DGY2546_2,0.01,82.62,12.8,0.08,76.95,21.03
3,DGY2546_3,0.01,85.99,9.65,0.06,83.37,14.91
3,DGY1883_1,99.22,0.25,0,0.03,0.22,99.75
3,DGY1883_2,99.2,0.25,0.03,0.03,0.08,99.89
3,DGY1883_3,99.01,0.37,0,0.05,0.11,99.79
3,DGY1883_4,99.11,0.25,0,0,0.03,99.97
3,DGY1886_1,98.48,0.71,0.06,0.09,0.24,99.58
3,DGY1886_2,99.03,0.5,0,0.06,0.12,99.76
3,DGY1886_3,98.38,0.64,0.03,0.03,0.13,99.84
3,DGY1886_4,98.66,0.7,0,0.13,0.25,99.55
3,DGY1917_1,99,0.26,0,0.02,0.06,99.9
3,DGY1917_2,98.98,0.37,0,0.01,0.02,99.96
3,DGY1917_3,98.92,0.52,0.01,0.09,0.06,99.81
3,DGY1917_4,98.84,0.5,0,0.08,0.04,99.88
3,DGY1920_1,98.83,0.23,0,0.05,4.67,94.53
3,DGY1920_2,98.6,0.25,0,0.02,1.07,98.66
3,DGY1920_3,98.92,0.18,0.02,0,1.76,97.91
3,DGY1920_4,98.99,0.42,0,0.04,1.39,98.25
3,DGY1976_1,99,0.34,0.02,0.06,0.11,99.83
3,DGY1976_2,99.01,0.3,0,0.02,0.06,99.92
3,DGY1976_3,99.14,0.36,0,0.04,0.34,99.63
3,DGY1976_4,99.16,0.35,0.01,0.05,0.09,99.85
3,DGY1988_1,99.41,0.33,0,0.07,0.11,99.79
3,DGY1988_2,99.17,0.36,0,0.09,0.1,99.81
3,DGY1988_3,99.43,0.3,0,0.06,0.04,99.88
3,DGY1988_4,99.29,0.4,0,0.09,0.15,99.74
3,DGY2702_1,0.03,0.32,99.65,0.05,68.51,28.7
3,DGY2702_2,0,0.14,99.85,0.03,69.48,28.44
3,DGY2702_3,0,0.28,99.69,0.11,57.97,39.25
3,DGY2702_4,0.03,0.2,99.75,0.04,63.64,34.01
3,DGY2748_1,0.47,9.18,88.22,1.12,2.39,96.13
3,DGY2748_2,0.49,2.88,94.38,0.89,2.92,96.05
3,DGY2748_3,0.71,3.6,94.13,1.45,2.76,95.53
3,DGY2748_4,1.04,3.36,93.73,1.58,2.88,95.22
3,DGY2750_1,0.36,2.51,96.24,1.59,1.61,96.62
3,DGY2750_3,0.89,5.12,92.81,3.29,3.79,92.27
3,DGY2751_1,0.81,1.56,96.97,1.5,0.69,97.69
3,DGY2751_2,0.28,1.28,98.28,1.22,0.86,97.78
3,DGY2751_3,0.21,1.85,97.7,1.37,1.11,97.46
3,DGY2751_4,0.25,1.27,98.22,1.21,0.57,98.09
3,DGY2755_1,0.09,4.25,93.42,1.11,13.03,85.05
3,DGY2755_2,0.35,3.16,95.21,1.21,1.11,97.33
3,DGY2755_3,0.35,3.1,95.7,1.44,1.62,96.69
3,DGY2755_4,0.28,2.57,95.74,0.63,0.99,98.14
3,DGY2769_1,0,0.5,99.49,0.03,78.6,20.35
3,DGY2769_2,0,0.09,99.91,0.03,70.57,27.78
3,DGY2769_3,0,0.73,99.24,0,74.38,24.43
3,DGY2769_4,0,0.17,99.83,0.08,72.63,25.64
21,DGY1_1,59.12,19.14,0,93.71,0.04,0
21,DGY1_2,36.24,36.67,0,91.42,0.02,0
21,DGY1_3,40.91,38.77,0,92.24,0.04,0
21,DGY500_1,62.43,29.01,9.26,0.32,93.04,8.03
21,DGY500_2,75.49,15.45,9.39,0.08,91.47,10.29
21,DGY500_3,76.99,17.02,6.72,0.09,93.76,7.54
21,DGY1315_1,96.07,4.08,0.07,0.2,0.26,99.68
21,DGY1315_2,98.88,1.03,0.06,0.07,0.3,99.82
21,DGY1315_3,99.07,0.9,0.01,0.08,0.3,99.78
21,DGY1657_1,99.83,0.06,0.02,0.06,95.37,5.51
21,DGY1657_2,99.79,0.14,0,0.04,95.64,5.43
21,DGY1657_3,99.83,0.03,0.03,0.07,95.08,6.09
21,DGY2331_1,0.01,6.64,91.64,99.93,0,0.02
21,DGY2331_2,0.06,7.77,89.58,99.92,0,0
21,DGY2331_3,0.02,8.26,89.61,99.97,0,0
21,DGY2349_1,0.24,89.28,9.13,99.84,0.01,0.07
21,DGY2349_2,0.08,92.04,6.68,99.97,0,0
21,DGY2349_3,0.08,91.98,6.67,99.95,0,0
21,DGY2543_1,0.2,92.48,6.41,0.04,91.6,9.9
21,DGY2543_2,0.41,93.42,5.45,0.02,92.85,8.58
21,DGY2543_3,0.2,93.36,5.52,0.03,93.01,8.57
21,DGY2546_1,0.26,92.07,6.81,0.05,91.16,10.58
21,DGY2546_2,0.2,92.51,6.22,0.02,92.91,8.76
21,DGY2546_3,0.27,92.3,6.53,0.05,92.49,9.13
21,DGY1883_1,54.52,36.03,9.23,0.37,0.42,99.19
21,DGY1883_2,57.59,36.48,6.11,0.26,0.42,99.32
21,DGY1883_3,62.99,34.08,2.95,0.3,0.22,99.48
21,DGY1883_4,72.73,25.68,1.36,0.28,0.36,99.36
21,DGY1886_1,88.09,8.49,2.53,0.94,1.31,97.66
21,DGY1886_2,90.08,6.84,1.52,1.27,1.37,97.11
21,DGY1886_3,93.21,4.35,0.75,1.05,0.95,97.85
21,DGY1886_4,96.02,2.14,0.6,0.8,0.9,98.11
21,DGY1917_1,98.83,1.14,0.07,0.13,0.17,99.7
21,DGY1917_2,99.24,0.68,0.06,0.12,0.05,99.79
21,DGY1917_3,99.8,0.1,0.05,0.04,0.18,99.78
21,DGY1917_4,99.76,0.09,0.05,0.17,0.08,99.76
21,DGY1920_1,98.42,0.15,0.05,0.22,7.69,95.57
21,DGY1920_2,98.15,0.22,0.15,0.12,6.45,96.7
21,DGY1920_3,98.54,0.1,0.05,0.07,5.06,97.67
21,DGY1920_4,98.77,0.11,0.02,0.07,4.61,97.63
21,DGY1976_1,99.89,0.02,0,0,0.1,99.89
21,DGY1976_2,99.91,0.03,0,0.02,0.22,99.76
21,DGY1976_3,99.9,0.06,0,0.08,0.52,99.41
21,DGY1976_4,99.91,0.04,0.02,0.06,0.18,99.75
21,DGY1988_1,99.9,0.01,0.06,0.05,0.13,99.83
21,DGY1988_2,99.95,0.01,0.02,0.01,0.18,99.82
21,DGY1988_3,99.92,0,0.02,0.02,0.13,99.85
21,DGY1988_4,99.96,0,0,0.01,0.16,99.81
21,DGY2702_1,0.05,6.12,91.87,0.04,92.04,10.19
21,DGY2702_2,0.06,5.13,92.86,0.06,90.51,11.56
21,DGY2702_3,0.02,5.32,92.72,0.02,89.49,12.69
21,DGY2702_4,0.09,3.11,95.39,0.08,88.17,14.35
21,DGY2748_1,1.95,50.43,44.65,0.81,8.74,93.49
21,DGY2748_2,1.36,30,64.25,0.81,12.72,90.21
21,DGY2748_3,1.82,31.76,61.66,1.17,12.45,90.39
21,DGY2748_4,6.52,26.17,64.37,6.16,9.01,87.6
21,DGY2750_1,2.7,23.15,70.51,1.72,10.27,89.41
21,DGY2750_3,1.51,20.83,74.9,1.06,10.94,90.15
21,DGY2751_1,1.46,9.55,86.08,0.91,8.23,94.48
21,DGY2751_2,1.44,7.77,88.18,0.77,7.59,94.95
21,DGY2751_3,0.83,7.18,89.16,0.5,6.35,96.54
21,DGY2751_4,0.88,6,90.87,0.63,4.49,96.72
21,DGY2755_1,2.06,24.22,71.17,1.27,24.37,75.18
21,DGY2755_2,2.52,23.22,71.57,1.24,7.1,92.6
21,DGY2755_3,2.34,25.77,68.77,1.21,8.22,91.78
21,DGY2755_4,2.29,22.25,72.32,1.22,7.88,91.96
21,DGY2769_1,0.05,0.89,99.05,0.04,89.93,12.8
21,DGY2769_2,0.01,0.18,99.81,0.01,88.55,14.54
21,DGY2769_3,0.04,1.19,98.77,0.02,89.4,13.13
21,DGY2769_4,0.02,0.18,99.78,0.02,88.69,14.42
33,DGY1_1,99.95,0,0.04,99.96,0,0
33,DGY1_2,99.95,0,0.04,99.91,0,0.01
33,DGY1_3,99.99,0,0.01,99.95,0.01,0
33,DGY500_1,100,0,0,0,93.25,8.22
33,DGY500_2,100,0,0,0,95.37,6.04
33,DGY500_3,99.99,0,0.01,0.03,96.33,4.89
33,DGY1315_1,99.99,0,0.01,0,0.48,99.74
33,DGY1315_2,99.97,0,0.02,0.02,1.35,99.32
33,DGY1315_3,100,0,0,0,0.38,99.82
33,DGY1657_1,100,0,0,0.04,94.71,6.73
33,DGY1657_2,99.99,0,0.01,0,94.7,7.02
33,DGY1657_3,99.98,0,0.02,0.05,95.49,5.9
33,DGY2331_1,0.01,9.05,86.75,99.96,0,0.01
33,DGY2331_2,0.01,10.56,85.06,99.96,0,0
33,DGY2331_3,0,17.24,76.44,99.94,0.02,0
33,DGY2349_1,0.32,91.46,7.17,99.95,0.01,0.01
33,DGY2349_2,0.78,94.35,4.29,99.95,0,0.01
33,DGY2349_3,0.5,94.77,4.08,99.94,0.01,0
33,DGY2543_1,1,92.76,5.44,0.67,89.35,11.82
33,DGY2543_2,0.65,94.78,4.22,0.03,91.03,11.06
33,DGY2543_3,0.36,94.43,4.71,0.05,91.52,10.16
33,DGY2546_1,0.39,94.66,4.29,0.02,92.02,10.09
33,DGY2546_2,1.65,94.75,3.63,0.05,93.12,8.57
33,DGY2546_3,1.04,94.78,3.92,0.04,92.32,9.23
33,DGY1883_1,99.95,0,0.05,0.2,0.2,99.61
33,DGY1883_2,100,0,0,0.1,0.14,99.72
33,DGY1883_3,99.98,0.02,0,0.07,0.24,99.67
33,DGY1883_4,99.98,0.02,0,0.07,0.12,99.78
33,DGY1886_1,99.97,0,0.03,0.1,1.16,98.7
33,DGY1886_2,99.91,0.06,0.03,0.19,1.36,98.39
33,DGY1886_3,99.84,0.1,0,0.26,1.6,98.1
33,DGY1886_4,99.85,0.08,0.04,0.12,1.08,98.76
33,DGY1917_1,99.97,0.02,0.01,0.05,0.21,99.75
33,DGY1917_2,99.99,0,0.01,0.02,0.06,99.92
33,DGY1917_3,99.99,0.01,0,0.02,0.2,99.78
33,DGY1917_4,100,0,0,0.01,0.06,99.94
33,DGY1920_1,99.94,0,0.02,0.04,4.74,96.8
33,DGY1920_2,99.98,0.02,0,0.07,4.01,97.32
33,DGY1920_3,99.93,0.05,0,0.05,4.39,97.09
33,DGY1920_4,99.9,0,0.05,0.08,3.22,97.49
33,DGY1976_1,99.98,0.01,0.01,0.03,0.28,99.67
33,DGY1976_2,100,0,0,0.01,0.17,99.82
33,DGY1976_3,99.99,0,0.01,0.03,0.43,99.56
33,DGY1976_4,100,0,0,0,0.19,99.8
33,DGY1988_1,99.97,0.02,0.01,0.02,0.24,99.74
33,DGY1988_2,100,0,0,0.01,0.32,99.67
33,DGY1988_3,100,0,0,0.01,0.08,99.9
33,DGY1988_4,100,0,0,0,0.17,99.83
33,DGY2702_1,0.09,3.63,94.83,0.09,90.18,12.16
33,DGY2702_2,0.05,6.49,91.64,0.05,92.57,9.24
33,DGY2702_3,0.05,6.64,91.64,0.04,92.7,9.16
33,DGY2702_4,0.08,5.74,92.11,0.08,89.73,12.54
33,DGY2748_1,3.13,67.97,28.63,0.41,4.64,95.59
33,DGY2748_2,1.71,36.26,60.3,0.44,7.76,92.02
33,DGY2748_3,1.59,38.79,57.04,0.72,7.85,91.93
33,DGY2748_4,6.51,45.9,45.27,2.5,10.27,88.1
33,DGY2750_1,1.62,32.16,64.46,0.67,12.52,86.76
33,DGY2750_3,1.62,37.54,58.49,0.72,19.11,80.73
33,DGY2751_1,1.01,5.42,92.55,0.55,2.45,97.43
33,DGY2751_2,1.04,5,92.36,0.38,2.99,96.86
33,DGY2751_3,1.31,6.15,91.16,0.83,3.2,96.28
33,DGY2751_4,1.14,4.46,93.6,0.87,2.35,96.88
33,DGY2755_1,5.5,39.18,53.78,4.94,23.65,71.52
33,DGY2755_2,1.91,42.98,53.48,0.83,5.9,93.11
33,DGY2755_3,2.39,44.26,51.91,1.04,7.22,91.65
33,DGY2755_4,1.98,39.15,57.66,0.94,7.15,91.74
33,DGY2769_1,0.03,1.27,98.71,0.03,91.96,9.95
33,DGY2769_2,0,0.31,99.69,0.01,90.27,12.32
33,DGY2769_3,0.06,1.4,98.51,0.06,91.53,10.53
33,DGY2769_4,0.04,0.29,99.67,0.04,88.83,13.86
45,DGY1_1,100,0,0,99.99,0.01,0
45,DGY1_2,99.99,0.01,0,99.96,0,0
45,DGY1_3,100,0,0,100,0,0
45,DGY500_1,99.98,0,0.01,0,96.98,4.12
45,DGY500_2,99.99,0,0.01,0,97.95,2.75
45,DGY500_3,99.99,0.01,0,0.02,97.52,3.43
45,DGY1315_1,100,0,0,0.04,1.13,99.34
45,DGY1315_2,99.98,0.01,0.01,0.02,1.66,99.15
45,DGY1315_3,99.98,0.02,0,0.02,1.51,99.23
45,DGY1657_1,100,0,0,0.01,95.28,6.08
45,DGY1657_2,99.99,0.01,0,0.05,96.6,4.37
45,DGY1657_3,100,0,0,0,97.58,3.27
45,DGY2331_1,0,2.23,96.65,99.95,0.02,0
45,DGY2331_2,0,4.25,93.12,99.98,0,0
45,DGY2331_3,0,3.75,94.17,99.95,0,0
45,DGY2349_1,0.52,89.68,8.31,99.91,0,0.06
45,DGY2349_2,1.5,93.27,4.54,99.96,0,0
45,DGY2349_3,0.25,92.85,5.76,99.99,0,0
45,DGY2543_1,2.47,92.62,4.68,0.63,95.59,4.99
45,DGY2543_2,0.37,92.13,6.47,0.01,94.35,7.46
45,DGY2543_3,0.29,92.38,6.1,0.02,94.38,7.28
45,DGY2546_1,0.23,90.12,8.22,0,93.38,8.55
45,DGY2546_2,0.18,91.17,7.4,0.02,93.73,7.62
45,DGY2546_3,0.33,92.23,6.21,0.04,94.49,6.95
45,DGY1883_1,99.98,0.02,0,0.1,0.21,99.63
45,DGY1883_2,99.96,0,0.04,0.02,0.46,99.58
45,DGY1883_3,99.93,0.04,0.02,0.02,0.27,99.62
45,DGY1883_4,99.98,0,0,0.11,0.14,99.75
45,DGY1886_1,99.91,0,0,0.3,1.91,98.03
45,DGY1886_2,99.91,0,0.09,0.12,2.28,97.66
45,DGY1886_3,99.96,0,0.04,0.22,0.78,99.03
45,DGY1886_4,99.88,0.08,0,0.16,1.41,98.44
45,DGY1917_1,99.98,0.01,0,0.01,0.24,99.75
45,DGY1917_2,99.97,0.02,0.02,0.66,0.08,99.27
45,DGY1917_3,100,0,0,0,0.27,99.73
45,DGY1917_4,99.99,0,0.01,0.01,0.06,99.92
45,DGY1920_1,99.77,0.23,0,0.02,10.8,93.2
45,DGY1920_2,99.98,0,0.02,0,10.92,93.31
45,DGY1920_3,99.95,0,0.05,0.08,6.11,96.2
45,DGY1920_4,99.98,0.02,0,0.05,5.54,96.06
45,DGY1976_1,99.94,0,0.04,0.04,0.34,99.62
45,DGY1976_2,99.99,0.01,0,0.04,0.23,99.72
45,DGY1976_3,100,0,0,0,0.6,99.42
45,DGY1976_4,100,0,0,0.01,0.2,99.8
45,DGY1988_1,99.97,0.03,0,0.1,0.13,99.77
45,DGY1988_2,99.99,0,0,0.02,0.22,99.76
45,DGY1988_3,99.98,0,0.02,0.02,0.18,99.8
45,DGY1988_4,99.99,0,0.01,0.01,0.2,99.79
45,DGY2702_1,0.03,1.2,98.25,0.03,92.53,10.08
45,DGY2702_2,0.08,1.34,98.05,0.06,92.38,9.95
45,DGY2702_3,0.07,1.1,98.4,0.07,89.35,13.33
45,DGY2702_4,0.05,1.02,98.46,0.04,89.38,13.52
45,DGY2748_1,2.93,86.69,10.78,0.34,7.23,94.59
45,DGY2748_2,1.61,66.48,31.3,0.33,17.08,84.15
45,DGY2748_3,1.14,60.92,37.17,0.62,14.51,85.34
45,DGY2748_4,5.36,70.27,23.94,1.85,16.13,83.2
45,DGY2750_1,1.37,59.84,37.94,0.47,25.96,74.32
45,DGY2750_3,0.84,64.37,33.76,0.41,39.52,60.91
45,DGY2751_1,1.47,7.82,90.14,1.21,3.38,95.95
45,DGY2751_2,1.16,6.94,91.32,0.71,3.2,96.56
45,DGY2751_3,1.11,8.26,90.12,0.5,5.89,94.04
45,DGY2751_4,1.36,6.06,92.08,1.18,2.19,96.81
45,DGY2755_1,4.65,62.63,31.32,4.22,21.17,75.43
45,DGY2755_2,0.89,67.93,30.45,0.37,8.4,91.47
45,DGY2755_3,0.74,68.89,28.61,0.31,9.61,90.48
45,DGY2755_4,0.63,65.41,32.09,0.3,11.95,88.47
45,DGY2769_1,0.03,1.72,98.2,0.01,93,8.9
45,DGY2769_2,0,0.61,99.37,0,91.18,11.21
45,DGY2769_3,0,1.56,98.4,0.01,92.24,9.98
45,DGY2769_4,0.03,0.61,99.35,0.03,90.19,12.63
57,DGY1_1,99.94,0.01,0,99.95,0,0
57,DGY1_2,99.95,0.02,0.03,99.93,0.03,0
57,DGY1_3,99.96,0,0.03,99.96,0.03,0
57,DGY500_1,99.94,0,0.01,0.05,95.42,6.06
57,DGY500_2,99.83,0.1,0.07,0.69,91.03,9.23
57,DGY500_3,99.91,0.03,0.04,0.06,97.99,2.57
57,DGY1315_1,99.65,0,0.01,0.03,3.24,98.09
57,DGY1315_2,99.89,0,0.11,0.09,15.05,91.68
57,DGY1315_3,99.92,0.03,0.04,0.08,0.9,99.39
57,DGY1657_1,99.95,0,0.02,0.02,96.06,5.37
57,DGY1657_2,99.92,0.02,0.06,0.08,96.79,3.62
57,DGY1657_3,99.9,0.02,0.05,0.05,96.9,3.61
57,DGY2331_1,0.05,3.38,94.86,99.92,0,0.02
57,DGY2331_2,0.02,19.27,77.97,99.88,0.09,0
57,DGY2331_3,0.1,55.04,40.74,99.94,0.06,0
57,DGY2349_1,2.63,92.27,4.49,99.84,0,0.1
57,DGY2349_2,24.23,79.72,1.28,99.98,0,0
57,DGY2349_3,9.06,92.02,1.27,99.98,0.02,0
57,DGY2543_1,6.19,90.36,3.81,0.18,96.18,4.78
57,DGY2543_2,0.24,90.69,7.71,0.05,93.7,7.95
57,DGY2543_3,0.49,92.12,6.26,0.06,94.54,6.82
57,DGY2546_1,0.38,89.85,8.33,0.07,91.75,10.27
57,DGY2546_2,0.44,91.21,7.32,0.03,92.29,9.64
57,DGY2546_3,0.2,90.1,8.34,0.04,93.43,8.32
57,DGY1883_1,99.15,0.02,0,1.37,0.25,98.33
57,DGY1883_2,99.67,0.02,0,0.02,0.17,99.76
57,DGY1883_3,99.93,0.04,0,0.07,0.2,99.66
57,DGY1883_4,99.74,0,0.05,0.05,0.29,99.66
57,DGY1886_1,99.72,0.12,0.04,0.35,2.09,97.64
57,DGY1886_2,99.72,0.09,0.03,0.19,1.89,97.87
57,DGY1886_3,99.85,0.11,0,0.15,0.74,99.12
57,DGY1886_4,99.82,0.04,0,0.18,2.29,97.53
57,DGY1917_1,99.46,0,0,0.02,0.26,99.71
57,DGY1917_2,99.81,0,0.01,0.06,0.17,99.78
57,DGY1917_3,100,0,0,0.02,0.28,99.68
57,DGY1917_4,100,0,0,0.03,0.11,99.87
57,DGY1920_1,98.09,1.42,0.02,0.06,7.63,95.27
57,DGY1920_2,99.6,0.08,0,0,13.33,93.35
57,DGY1920_3,99.15,0.02,0,0.02,5.91,96.75
57,DGY1920_4,99.75,0,0,0.06,6.48,96.82
57,DGY1976_1,99.52,0.01,0.07,0.1,0.37,99.52
57,DGY1976_2,99.23,0,0,0.01,0.26,99.74
57,DGY1976_3,99.63,0,0,0.04,0.67,99.31
57,DGY1976_4,99.27,0,0.01,0.01,0.29,99.72
57,DGY1988_1,99.74,0.02,0,0.05,0.19,99.76
57,DGY1988_2,99.39,0.01,0,0.01,0.17,99.81
57,DGY1988_3,99.37,0.01,0,0.05,0.15,99.79
57,DGY1988_4,99.84,0,0,0,0.19,99.8
57,DGY2702_1,0.05,1.63,97.72,0.04,92.87,9.64
57,DGY2702_2,0.06,1.82,97.55,0.04,93.62,8.48
57,DGY2702_3,0.04,2.93,96.35,0.04,93.63,8.34
57,DGY2702_4,0.07,1.42,98.11,0.07,89.33,13.4
57,DGY2748_1,3.85,90.51,6.29,0.21,8.31,94.04
57,DGY2748_2,3.98,86.11,10.5,0.24,24.19,78.28
57,DGY2748_3,1.19,84.63,13.74,0.25,20.28,80.54
57,DGY2748_4,1.99,87.53,10.64,0.3,22,79.01
57,DGY2750_1,0.74,81.36,17.36,0.15,37.97,62.94
57,DGY2750_3,0.77,81.63,16.75,0.17,51.94,49.21
57,DGY2751_1,3.18,18.07,78.36,2.97,5.28,92.3
57,DGY2751_2,0.83,17.75,81.02,0.47,5.43,95.3
57,DGY2751_3,0.88,23.49,75.1,0.57,11.37,88.76
57,DGY2751_4,1.34,15.79,82.45,0.97,3.25,95.94
57,DGY2755_1,1.39,83.52,14.59,0.53,25.95,74.11
57,DGY2755_2,0.54,82.31,16.27,0.15,10,90.22
57,DGY2755_3,0.36,84.26,14.25,0.21,12.12,87.97
57,DGY2755_4,0.6,83.62,14.73,0.34,15.83,84.28
57,DGY2769_1,0.01,2.09,97.87,0.03,91.74,10.37
57,DGY2769_2,0,0.66,99.3,0,90.83,11.58
57,DGY2769_3,0.04,2.25,97.66,0.04,92.45,9.64
57,DGY2769_4,0.03,0.61,99.35,0.03,90.19,12.63
75,DGY1_1,99.96,0.01,0.01,99.96,0.03,0
75,DGY1_2,99.98,0.02,0,99.98,0,0
75,DGY1_3,99.95,0.01,0.04,99.95,0.04,0
75,DGY500_1,99.98,0,0.02,0.06,92.79,9.07
75,DGY500_2,99.99,0.01,0,0.03,94.65,6.51
75,DGY500_3,99.97,0.01,0.02,0.03,96.22,4.95
75,DGY1315_1,99.98,0,0.02,0.01,0.78,99.56
75,DGY1315_2,99.99,0,0.01,0.02,1.02,99.46
75,DGY1315_3,99.98,0.01,0.01,0.01,0.74,99.53
75,DGY1657_1,99.99,0,0.01,0.02,94.27,7.16
75,DGY1657_2,99.96,0,0.04,0.04,94.16,7.47
75,DGY1657_3,99.99,0.01,0,0.01,95.8,5.43
75,DGY2331_1,0.11,2.88,95.76,99.89,0.04,0.07
75,DGY2331_2,0.01,2.33,96.53,99.93,0.02,0
75,DGY2331_3,0,2.4,96.47,99.95,0.02,0
75,DGY2349_1,0.18,88.13,10.37,99.9,0.02,0.05
75,DGY2349_2,0.09,88.9,9.7,99.95,0.01,0
75,DGY2349_3,0.55,91.01,7.6,99.95,0.02,0
75,DGY2543_1,8.17,90.09,2.3,2.01,96.44,2.12
75,DGY2543_2,0.53,94.23,4.56,0.07,96.11,5.04
75,DGY2543_3,0.24,91.69,7.02,0.06,93.49,8.3
75,DGY2546_1,0.21,89.05,9.67,0.1,90.41,11.67
75,DGY2546_2,0.12,87.94,10.38,0.05,90.62,11.58
75,DGY2546_3,0.28,93.41,5.56,0.02,94.63,6.91
75,DGY1883_1,99.98,0.02,0,0.3,0.22,99.44
75,DGY1883_2,99.91,0,0.09,0.2,0.16,99.64
75,DGY1883_3,99.86,0.07,0.05,0.16,0.27,99.46
75,DGY1883_4,99.92,0.03,0.03,0.08,0.28,99.64
75,DGY1886_1,99.79,0.06,0.12,0.3,4.63,95.07
75,DGY1886_2,99.85,0.06,0.03,0.34,5.23,94.65
75,DGY1886_3,99.86,0.07,0.04,0.21,1.3,98.31
75,DGY1886_4,99.67,0.07,0.18,0.18,5.03,94.68
75,DGY1917_1,99.99,0.01,0,0.02,0.29,99.67
75,DGY1917_2,99.99,0,0.01,0.31,0.18,99.51
75,DGY1917_3,99.96,0.01,0.01,0.04,0.32,99.65
75,DGY1917_4,99.99,0,0.01,0.02,0.11,99.87
75,DGY1920_1,98.9,1.1,0.02,0.07,8.23,94.61
75,DGY1920_2,100,0,0,0.04,2.9,97.87
75,DGY1920_3,99.98,0,0,0,2.49,98.21
75,DGY1920_4,99.93,0,0.02,0.05,2.53,98.37
75,DGY1976_1,99.82,0,0.17,0.17,0.44,99.4
75,DGY1976_2,100,0,0,0.01,0.39,99.6
75,DGY1976_3,100,0,0,0,0.66,99.36
75,DGY1976_4,99.99,0,0,0.01,0.27,99.73
75,DGY1988_1,99.78,0.17,0.02,0.18,0.31,99.49
75,DGY1988_2,100,0,0,0.01,0.37,99.61
75,DGY1988_3,99.99,0,0.01,0.02,0.28,99.7
75,DGY1988_4,99.96,0,0.04,0.01,0.27,99.71
75,DGY2702_1,0.05,2.65,96.37,0.05,94.6,7.16
75,DGY2702_2,0.09,5.97,92.06,0.04,93.84,7.89
75,DGY2702_3,0.04,2.08,97.52,0.04,88.14,14.93
75,DGY2702_4,0.06,2.41,96.85,0.06,87.56,14.99
75,DGY2748_1,2.34,93.49,4.38,0.16,7.31,94.61
75,DGY2748_2,3.01,93.47,4.3,0.08,25.52,76.9
75,DGY2748_3,1.29,93.49,5.17,0.14,22.57,78.74
75,DGY2748_4,3.14,91.65,5.26,1.64,27.28,72.55
75,DGY2750_1,2.03,93.1,4.92,0.08,51.31,50.09
75,DGY2750_3,1.03,91.37,7.18,0.03,63.42,38.3
75,DGY2751_1,19.45,46.66,33.65,19.1,12.26,69.52
75,DGY2751_2,0.54,52.17,46.52,0.27,9.76,91.05
75,DGY2751_3,0.42,66.2,32.77,0.17,36.04,65.21
75,DGY2751_4,0.49,49.81,49.34,0.32,5.65,94.69
75,DGY2755_1,4.7,88.3,7.22,2.19,24.73,73.81
75,DGY2755_2,1.44,93.45,4.99,0.19,12.5,87.81
75,DGY2755_3,1.05,92.47,6.28,0.1,13.25,87.06
75,DGY2755_4,1.23,92.63,5.97,0.1,18.55,82.2
75,DGY2769_1,0.03,3.72,96.22,0.03,91.38,10.42
75,DGY2769_2,0.01,1.32,98.63,0.01,90.33,11.3
75,DGY2769_3,0.04,3.39,96.55,0.03,91.62,10.47
75,DGY2769_4,0.04,1.49,98.43,0.04,92.47,9.45
87,DGY1_1,99.72,0.01,0,99.93,0,0
87,DGY1_2,99.8,0,0,99.98,0,0
87,DGY1_3,99.63,0,0,99.95,0,0
87,DGY500_1,99.7,0,0,0,93.86,7.54
87,DGY500_2,100,0,0,0.04,95.12,6.14
87,DGY500_3,100,0,0,0.01,95.98,5.01
87,DGY1315_1,99.7,0.01,0,0.03,0.27,99.82
87,DGY1315_2,99.68,0,0,0.01,0.24,99.85
87,DGY1315_3,99.9,0,0,0.01,0.21,99.91
87,DGY1657_1,99.96,0,0,0.01,92.77,9.39
87,DGY1657_2,99.98,0,0,0.02,93.93,7.9
87,DGY1657_3,99.91,0,0.01,0.02,95.31,5.97
87,DGY2331_1,0.07,2.91,95.82,99.85,0,0.07
87,DGY2331_2,0.02,3.42,95.41,99.88,0,0.01
87,DGY2331_3,0.01,2.46,96.7,99.95,0,0
87,DGY2349_1,0.34,87.96,9.95,99.8,0.01,0.07
87,DGY2349_2,0.2,88.98,9.29,99.94,0,0
87,DGY2349_3,0.33,90.9,7.4,99.98,0.02,0
87,DGY2543_1,1.79,93.6,4.38,0.13,97.37,3.62
87,DGY2543_2,0.21,93.14,5.47,0.02,95.89,5.43
87,DGY2543_3,0.2,89.38,8.99,0.07,90.76,11.15
87,DGY2546_1,0.14,88.39,9.79,0.01,90.9,11.21
87,DGY2546_2,0.1,86.55,11.31,0.04,89.86,12.41
87,DGY2546_3,0.07,90.51,7.94,0.04,92.89,8.67
87,DGY1883_1,99.91,0,0.02,0.15,0.05,99.78
87,DGY1883_2,99.85,0.04,0.02,0.05,0.05,99.89
87,DGY1883_3,99.87,0,0.02,0.09,0.18,99.76
87,DGY1883_4,99.6,0.02,0.02,0.06,0.06,99.85
87,DGY1886_1,99.82,0,0.03,0.13,8.48,91.44
87,DGY1886_2,99.7,0,0.02,0.2,6.89,93.01
87,DGY1886_3,99.92,0,0,0.21,1.79,97.97
87,DGY1886_4,99.89,0.03,0,0.11,9.37,90.44
87,DGY1917_1,99.99,0,0,0.02,0.36,99.61
87,DGY1917_2,99.93,0,0.01,0.07,0.28,99.65
87,DGY1917_3,99.98,0.01,0,0.01,0.42,99.58
87,DGY1917_4,99.95,0,0,0.05,0.11,99.86
87,DGY1920_1,98.08,1.85,0.03,0.03,2.77,97.33
87,DGY1920_2,99.86,0.03,0.03,0,0.83,99.29
87,DGY1920_3,99.96,0,0,0.06,1.01,99.26
87,DGY1920_4,99.9,0,0,0.02,0.94,99.33
87,DGY1976_1,99.87,0,0.06,0.1,0.28,99.63
87,DGY1976_2,99.97,0,0,0,0.49,99.52
87,DGY1976_3,99.94,0.01,0,0.04,0.7,99.33
87,DGY1976_4,99.95,0,0,0.02,0.35,99.67
87,DGY1988_1,99.82,0.09,0.02,0.09,0.43,99.48
87,DGY1988_2,99.96,0,0.01,0.01,0.42,99.58
87,DGY1988_3,99.92,0.01,0.02,0.02,0.29,99.68
87,DGY1988_4,99.94,0.02,0,0.06,0.34,99.58
87,DGY2702_1,0.06,1.52,97.98,0.04,89.56,13.76
87,DGY2702_2,0.07,2.17,97.29,0.08,91.42,11.01
87,DGY2702_3,0.19,2.54,96.61,0.2,88.93,14.01
87,DGY2702_4,0.03,1.57,97.91,0.03,86.52,17.15
87,DGY2748_1,1.2,94.57,4.2,0.12,5.03,95.77
87,DGY2748_2,1.46,94.84,3.57,0.09,27.54,73.83
87,DGY2748_3,1.32,95.25,3.31,0.07,22.8,77.89
87,DGY2748_4,0.83,92.73,5.46,0.24,27.03,73.25
87,DGY2750_1,0.29,91.81,6.82,0.08,52.42,48.75
87,DGY2750_3,0.36,90.55,8.03,0.03,64.47,37.1
87,DGY2751_1,37.65,50.66,11.36,37.15,14,49.38
87,DGY2751_2,0.61,76.05,22.36,0.33,15.42,85.54
87,DGY2751_3,0.34,84.31,14.39,0.09,52.15,49.05
87,DGY2751_4,0.64,76.3,22.4,0.38,8.33,92.28
87,DGY2755_1,0.63,92.72,5.92,0.28,26.07,74.23
87,DGY2755_2,0.73,94.79,4.14,0.1,14.14,86.17
87,DGY2755_3,0.37,93.77,5.21,0.08,15.52,84.79
87,DGY2755_4,0.51,92.31,5.98,0.2,19.95,80.44
87,DGY2769_1,0.05,4.07,95.82,0.05,91.48,10.25
87,DGY2769_2,0.01,1.73,98.21,0.03,90.58,11.6
87,DGY2769_3,0.05,3.59,96.23,0.05,92.21,9.76
87,DGY2769_4,0.02,1.88,98.05,0.02,90.78,11.63
117,DGY1_1,98.84,0.01,0,100,0,0
117,DGY1_2,99.26,0.01,0,99.95,0,0
117,DGY1_3,99.99,0,0,99.97,0,0
117,DGY500_1,99,0.01,0,0.05,96.69,4.29
117,DGY500_2,98.5,0,0,0.11,97.37,3.46
117,DGY500_3,99.04,0,0.01,0.04,97.06,3.79
117,DGY1315_1,98.93,0.02,0,0.05,10.43,94.33
117,DGY1315_2,99.2,0,0,0.03,7.28,95.95
117,DGY1315_3,99.19,0,0,0.04,9.89,94.49
117,DGY1657_1,99.04,0,0,0.01,95.83,5.61
117,DGY1657_2,99.11,0,0.02,0,96.69,4.28
117,DGY1657_3,99.58,0,0,0.02,96.69,4.03
117,DGY2331_1,0.07,13.98,81.16,99.89,0.02,0.04
117,DGY2331_2,0.07,18.88,75.41,99.93,0.03,0
117,DGY2331_3,0,21.39,72.55,99.98,0,0.01
117,DGY2349_1,3.69,91.66,4.67,99.89,0.05,0.02
117,DGY2349_2,7.92,89.3,3.58,99.95,0,0
117,DGY2349_3,8.67,89.83,2.7,99.95,0,0
117,DGY2543_1,34.87,66,0.71,1.2,98.26,0.76
117,DGY2543_2,5.89,92.37,2.33,0.06,97.65,3.23
117,DGY2543_3,3.61,92.16,4.28,0.61,91.96,9.42
117,DGY2546_1,1.33,93.48,4.55,0.06,93.65,8.04
117,DGY2546_2,2.14,93.65,4.22,0.06,94.47,6.82
117,DGY2546_3,2.61,94.22,3.32,0.07,96.14,4.96
117,DGY1883_1,99.93,0.04,0.02,0.72,0.28,98.98
117,DGY1883_2,99.63,0.02,0,0.13,0.48,99.47
117,DGY1883_3,98.86,0,0,0.09,0.23,99.7
117,DGY1883_4,99.32,0,0,0,0.24,99.82
117,DGY1886_1,99.27,0.02,0,0.12,32.84,70.03
117,DGY1886_2,98.75,0,0.02,0.04,32.42,73.75
117,DGY1886_3,99.24,0,0,0.15,17.02,86.7
117,DGY1886_4,99.58,0.04,0.02,0.07,40.66,65.17
117,DGY1917_1,99.69,0,0,0.01,0.54,99.46
117,DGY1917_2,99.31,0,0,0.46,0.39,99.16
117,DGY1917_3,99.37,0,0,0.02,0.57,99.41
117,DGY1917_4,99.52,0,0.01,0.03,0.27,99.69
117,DGY1920_1,98.67,0.92,0,0.09,28.13,82.86
117,DGY1920_2,98.97,0.02,0,0.45,37.06,77.3
117,DGY1920_3,99.69,0,0,0.08,19.06,89.32
117,DGY1920_4,99.3,0.02,0,0.08,16.65,90.91
117,DGY1976_1,99.02,0.03,0.02,0.11,0.64,99.25
117,DGY1976_2,99.79,0,0,0.02,0.53,99.45
117,DGY1976_3,99.27,0.02,0,0.08,1.05,98.88
117,DGY1976_4,99.68,0,0.02,0.05,0.5,99.44
117,DGY1988_1,98.62,0.07,0.01,0.11,0.48,99.41
117,DGY1988_2,99.05,0.03,0,0.41,0.6,98.99
117,DGY1988_3,99.52,0,0,0.02,0.42,99.55
117,DGY1988_4,99.9,0.01,0.01,0.05,0.31,99.66
117,DGY2702_1,0.1,6.11,92.42,0.08,95.42,6.34
117,DGY2702_2,0.13,5.71,92.55,0.08,93.26,8.71
117,DGY2702_3,0.07,7.85,90.17,0.08,92.85,8.94
117,DGY2702_4,0.12,4.65,93.92,0.1,91.28,10.86
117,DGY2748_1,11.31,90.37,1.71,0.06,8.14,93.99
117,DGY2748_2,14.46,87.28,1.82,0.16,47.07,56.79
117,DGY2748_3,7.6,92.9,1.69,0.12,31.62,70.11
117,DGY2748_4,20.05,83.2,0.93,0.86,43.78,59.4
117,DGY2750_1,1.81,94.05,4.18,0.04,66.22,34.89
117,DGY2750_3,1.33,93.22,5.02,0.05,73.94,27.6
117,DGY2751_1,74.96,24.65,0.76,73.48,10.25,16.58
117,DGY2751_2,8.14,90.94,2.84,0.19,34.7,68
117,DGY2751_3,3.74,93.77,3.16,0,74.7,26.58
117,DGY2751_4,5.59,92.13,3.71,0.15,19.1,83.22
117,DGY2755_1,17.22,84.6,2.26,1.32,44.82,56.34
117,DGY2755_2,5.12,93.57,2.87,0.06,18.78,82.15
117,DGY2755_3,3.07,94.51,3.24,0.1,21,79.67
117,DGY2755_4,5.55,92.75,2.95,0.09,26.2,74.76
117,DGY2769_1,0.05,6.48,93.4,0,93.9,7.36
117,DGY2769_2,0.05,3.21,96.69,0.01,94.65,6.6
117,DGY2769_3,0.18,6.45,93.28,0.06,94.79,6.55
117,DGY2769_4,0.12,2.8,96.99,0.07,93.13,8.47
135,DGY1_1,99.99,0.01,0,99.91,0,0
135,DGY1_2,99.99,0,0,99.92,0,0
135,DGY1_3,100,0,0,99.93,0,0
135,DGY500_1,99.99,0.01,0,0.08,88.61,13.17
135,DGY500_2,99.99,0,0,0.15,89.12,12.81
135,DGY500_3,100,0,0,0.02,90.37,11.54
135,DGY1315_1,100,0,0,0.01,0.07,99.95
135,DGY1315_2,100,0,0,0.01,0.17,99.92
135,DGY1315_3,99.99,0.01,0,0.06,0.12,99.85
135,DGY1657_1,100,0,0,0.03,89.36,12.47
135,DGY1657_2,99.99,0,0,0,91.07,10.49
135,DGY1657_3,100,0,0,0,92.33,9.37
135,DGY2331_1,0.11,5.16,94.12,99.83,0,0.09
135,DGY2331_2,0.01,3.52,95.74,99.94,0,0
135,DGY2331_3,0.03,12.79,85.53,99.95,0,0
135,DGY2349_1,0.44,87.19,10.66,99.68,0.01,0.15
135,DGY2349_2,2.19,89.45,7.65,99.96,0,0
135,DGY2349_3,0.82,91.86,6.29,99.93,0,0
135,DGY2543_1,3.88,91.18,4.26,2.69,93.61,4.46
135,DGY2543_2,0.09,90.63,8.01,0.02,92.49,9.05
135,DGY2543_3,1.51,86.71,10.01,1.44,87.93,12.66
135,DGY2546_1,0.08,84.59,13.01,0.04,85.15,16.97
135,DGY2546_2,0.21,86.9,11.13,0.05,88.71,13.42
135,DGY2546_3,0.24,86.44,11.31,0.06,88.47,13.43
135,DGY1883_1,100,0,0,0.18,0.22,99.57
135,DGY1883_2,100,0,0,0.07,0.41,99.52
135,DGY1883_3,99.95,0,0,0.1,0.37,99.53
135,DGY1883_4,99.95,0.03,0,0.05,0.24,99.66
135,DGY1886_1,99.97,0,0,0.11,43.34,56.93
135,DGY1886_2,99.92,0.03,0,0,29.19,71.09
135,DGY1886_3,99.88,0.06,0,0.16,19.71,80.45
135,DGY1886_4,100,0,0,0.09,40.3,60.02
135,DGY1917_1,100,0,0,0.02,0.92,99.08
135,DGY1917_2,100,0,0,0.11,0.8,99.05
135,DGY1917_3,99.98,0.01,0,0.04,0.58,99.38
135,DGY1917_4,100,0,0,0,0.35,99.65
135,DGY1920_1,99.29,0.71,0,0.04,1.41,98.63
135,DGY1920_2,99.95,0.05,0,0.76,0.94,98.62
135,DGY1920_3,99.94,0,0,0.06,0.65,99.57
135,DGY1920_4,99.98,0.02,0,0.1,0.77,99.33
135,DGY1976_1,99.96,0.01,0.02,0.05,0.71,99.26
135,DGY1976_2,100,0,0,0.02,0.7,99.3
135,DGY1976_3,100,0,0,0.06,1.1,98.87
135,DGY1976_4,100,0,0,0,0.43,99.58
135,DGY1988_1,99.98,0.02,0,0.03,0.35,99.63
135,DGY1988_2,99.99,0,0.01,1.15,0.53,98.34
135,DGY1988_3,100,0,0,0,0.3,99.71
135,DGY1988_4,100,0,0,0.03,0.44,99.52
135,DGY2702_1,0.05,1.72,97.99,0.05,81.57,23.83
135,DGY2702_2,0.06,2.27,97.35,0.05,82.44,20.78
135,DGY2702_3,0.03,2.67,96.82,0.04,81.7,22.24
135,DGY2702_4,0.02,1.69,98.01,0.05,78.77,26.05
135,DGY2748_1,0.71,95.47,3.42,0.13,5.67,94.53
135,DGY2748_2,1.71,94.97,3.21,0.23,40.74,64.93
135,DGY2748_3,0.55,92.93,5.6,0.09,28.45,72.19
135,DGY2748_4,2.33,91.01,5.93,1.77,35.8,63.44
135,DGY2750_1,0.12,88.4,9.66,0.06,65.31,36.62
135,DGY2750_3,0.06,87.23,10.86,0.05,71.24,31.13
135,DGY2751_1,82.8,15.25,1.12,83.2,6.31,10.44
135,DGY2751_2,0.32,91.45,6.84,0.09,35.12,65.97
135,DGY2751_3,0.23,91.61,7.04,0.02,75.05,26.69
135,DGY2751_4,0.39,92.3,6.03,0.12,17,83.31
135,DGY2755_1,2.48,89.03,7.39,1.88,43.41,56.68
135,DGY2755_2,0.36,89.04,8.96,0.09,16.57,84.08
135,DGY2755_3,0.17,88.99,9.16,0.1,19.31,81.4
135,DGY2755_4,0.12,86.84,10.97,0.05,26.83,74.49
135,DGY2769_1,0.06,7.3,92.23,0.05,85.25,17.73
135,DGY2769_2,0.04,3.52,96.35,0.03,84.2,18.75
135,DGY2769_3,0.04,6.93,92.73,0.02,86.47,16.6
135,DGY2769_4,0.06,3.8,96.06,0.06,85.58,17.5
147,DGY1_1,99.98,0.02,0,99.98,0,0
147,DGY1_2,99.97,0.01,0,99.96,0,0
147,DGY1_3,100,0,0,99.99,0,0
147,DGY500_1,99.99,0,0,0.2,90.71,10.54
147,DGY500_2,99.92,0.06,0.01,0.38,92.9,8.14
147,DGY500_3,99.99,0,0,0.09,97.29,3.44
147,DGY1315_1,99.98,0.02,0,0.08,1.02,99.36
147,DGY1315_2,99.96,0.03,0,0.05,4.13,97.46
147,DGY1315_3,100,0,0,0.07,1.65,98.96
147,DGY1657_1,99.96,0.01,0.01,0.03,93,8.27
147,DGY1657_2,99.97,0,0,0.06,96.26,4.64
147,DGY1657_3,99.98,0.02,0,0.05,96.92,3.86
147,DGY2331_1,0.07,14.61,82.93,99.93,0.01,0.03
147,DGY2331_2,0.03,15.84,80.62,99.97,0,0
147,DGY2331_3,0.01,39.08,56.4,99.99,0,0
147,DGY2349_1,1.85,92.67,5.13,99.86,0.01,0.1
147,DGY2349_2,12.2,88.74,1.41,100,0,0
147,DGY2349_3,6.33,93.23,1.89,99.98,0,0.01
147,DGY2543_1,13.63,86.98,1.01,0.43,98.33,1.53
147,DGY2543_2,2.03,95.85,2.21,0.06,97.61,2.86
147,DGY2543_3,3.86,93.43,2.64,2.76,93.21,5.38
147,DGY2546_1,0.6,93.32,5.28,0.08,91.61,10.01
147,DGY2546_2,1.41,94.13,4.14,0.09,93.18,8.19
147,DGY2546_3,0.93,94.05,4.55,0.06,94.27,7.06
147,DGY1883_1,99.98,0.02,0,0.23,0.15,99.61
147,DGY1883_2,99.98,0,0.02,0.05,0.07,99.85
147,DGY1883_3,99.95,0.03,0.02,0.07,0.12,99.77
147,DGY1883_4,99.92,0.08,0,0.1,0.14,99.67
147,DGY1886_1,99.94,0.02,0.04,0.1,49.21,51.87
147,DGY1886_2,99.94,0.02,0,0.08,33.21,68.62
147,DGY1886_3,99.95,0,0.02,0.1,24.12,77.07
147,DGY1886_4,99.95,0.02,0,0.07,44.28,56.34
147,DGY1917_1,99.99,0,0.01,0.05,0.6,99.39
147,DGY1917_2,100,0,0,0.13,0.54,99.33
147,DGY1917_3,99.99,0,0,0.04,0.87,99.06
147,DGY1917_4,99.99,0.01,0,0.01,0.35,99.65
147,DGY1920_1,97.73,2.32,0.03,0.06,5.25,96.02
147,DGY1920_2,99.98,0,0,0.11,3.31,98.47
147,DGY1920_3,100,0,0,0.11,3.07,98.35
147,DGY1920_4,99.98,0,0,0.12,2.11,99.09
147,DGY1976_1,99.88,0.03,0.09,0.15,0.82,98.99
147,DGY1976_2,99.93,0.02,0.03,0.09,0.72,99.17
147,DGY1976_3,99.99,0,0.01,0.13,0.93,98.94
147,DGY1976_4,99.97,0,0.03,0.06,0.56,99.36
147,DGY1988_1,99.93,0.07,0,0.11,0.53,99.36
147,DGY1988_2,100,0,0,0.2,0.45,99.36
147,DGY1988_3,99.94,0.04,0.01,0.08,0.43,99.49
147,DGY1988_4,99.99,0,0,0.03,0.36,99.62
147,DGY2702_1,0.13,4.83,93.93,0.11,91.53,10.49
147,DGY2702_2,0.1,5.13,93.68,0.09,91.62,10.12
147,DGY2702_3,0.09,8.61,90.07,0.05,88.02,14.34
147,DGY2702_4,0.17,3.61,95.24,0.14,86.13,16.52
147,DGY2748_1,4.72,95.48,1.44,0.06,7.93,93.72
147,DGY2748_2,9,93.26,0.91,0.11,56.96,52.31
147,DGY2748_3,2.94,95.64,2.3,0.14,32.51,68.54
147,DGY2748_4,3.98,94.27,2.49,0.59,39.75,61.37
147,DGY2750_1,0.7,94.58,4.43,0.09,70.99,30.41
147,DGY2750_3,0.8,94.4,4.54,0.07,76.12,25.31
147,DGY2751_1,88.27,11.58,0.27,87.91,5.18,7.02
147,DGY2751_2,3.19,95.92,1.74,0.24,44.1,57.3
147,DGY2751_3,1.61,95.73,3.04,0.04,79.56,21.87
147,DGY2751_4,2.88,95.17,2.51,0.11,21.7,79.84
147,DGY2755_1,7.16,93.29,1.63,0.38,60.3,42.29
147,DGY2755_2,2.42,95.8,2.35,0.08,20.57,79.93
147,DGY2755_3,1.8,95.37,2.92,0.06,27.01,73.66
147,DGY2755_4,2.88,94.54,3.39,0.23,34.1,66.66
147,DGY2769_1,0.28,10.16,89.26,0.13,92.18,9.08
147,DGY2769_2,0.11,3.95,95.83,0.06,92.87,8.35
147,DGY2769_3,0.14,8.45,91.31,0.04,92.7,8.74
147,DGY2769_4,0.14,4.14,95.69,0.05,93.01,8.57
159,DGY1_1,99.18,0,0,100,0,0
159,DGY1_2,99.44,0.03,0.03,99.94,0.03,0
159,DGY1_3,99.52,0,0,100,0,0
159,DGY500_1,99.32,0,0.01,0.08,89.91,11.84
159,DGY500_2,99.34,0.06,0.01,0.26,95.96,4.65
159,DGY500_3,99.05,0.01,0.01,0.07,97.59,2.84
159,DGY1315_1,99.52,0.02,0,0.04,2.1,98.81
159,DGY1315_2,99.45,0,0.01,0.07,16.18,89.68
159,DGY1315_3,99.08,0.02,0,0.14,3.78,97.64
159,DGY1657_1,99.51,0,0,0.03,95.62,5.27
159,DGY1657_2,99.33,0,0,0.05,97.21,3.44
159,DGY1657_3,99.43,0,0.01,0.02,97.43,3.27
159,DGY2331_1,0.06,17.43,79.66,99.91,0.03,0.04
159,DGY2331_2,0.06,15.94,80.61,99.91,0.06,0
159,DGY2331_3,0.02,43.01,52.96,100,0,0
159,DGY2349_1,1.78,90.69,6.67,99.92,0,0.05
159,DGY2349_2,20.06,81.42,1.9,100,0,0
159,DGY2349_3,5.04,92.46,3.04,99.96,0.03,0
159,DGY2543_1,44.2,56.86,0.66,2.1,97.29,0.71
159,DGY2543_2,2.74,93.81,3.12,0.06,97.6,2.81
159,DGY2543_3,5.26,90.62,3.71,4.07,92.58,4.19
159,DGY2546_1,1.23,90.3,7.2,0.08,94.54,6.47
159,DGY2546_2,2.3,93.67,3.71,0.06,96.61,4.17
159,DGY2546_3,1.28,93.36,4.59,0.09,96.58,4.13
159,DGY1883_1,99.22,0,0.02,1.19,0.15,98.68
159,DGY1883_2,99.37,0,0,0.08,0.16,99.78
159,DGY1883_3,99.36,0,0.02,0.09,0.13,99.79
159,DGY1883_4,99.28,0,0,0,0.19,99.79
159,DGY1886_1,99.65,0,0.02,0.11,66.15,36.17
159,DGY1886_2,99.42,0,0,0.04,38.06,63.27
159,DGY1886_3,99.58,0.02,0,0.2,33.56,68.11
159,DGY1886_4,99.31,0,0,0.07,53.22,47.97
159,DGY1917_1,99.63,0,0,0.04,1.08,98.89
159,DGY1917_2,99.59,0.02,0,0.15,0.75,99.2
159,DGY1917_3,99.44,0,0.01,0.01,0.96,99.05
159,DGY1917_4,99.83,0,0,0.01,0.45,99.56
159,DGY1920_1,98.38,0.81,0.02,0.07,47.54,65.89
159,DGY1920_2,99.78,0,0,0.67,4.46,97.35
159,DGY1920_3,99.62,0.02,0,0.04,4.62,97.84
159,DGY1920_4,99.41,0,0,0.06,4.07,97.94
159,DGY1976_1,99.46,0.04,0.01,0.07,0.81,99.14
159,DGY1976_2,99.72,0,0.01,0.04,0.81,99.16
159,DGY1976_3,99.69,0,0.01,0.02,1.17,98.78
159,DGY1976_4,99.38,0.03,0,0.05,0.69,99.24
159,DGY1988_1,99.78,0.02,0.01,0.05,0.69,99.29
159,DGY1988_2,99.85,0,0,0.84,0.45,98.71
159,DGY1988_3,99.97,0,0.01,0.03,0.52,99.49
159,DGY1988_4,99.78,0.01,0.01,0.08,0.5,99.44
159,DGY2702_1,0.12,3.36,95.95,0.11,92.95,8.8
159,DGY2702_2,0.1,4.54,94.33,0.1,95.07,6.11
159,DGY2702_3,0.05,7.68,90.94,0.03,94.44,6.67
159,DGY2702_4,0.04,4.02,94.87,0.05,90.88,10.85
159,DGY2748_1,3.41,92.91,3.9,0.16,13.06,90.98
159,DGY2748_2,13.88,86.25,2.77,0.19,58.34,47.29
159,DGY2748_3,2.05,93.73,4.12,0.09,34.42,67.7
159,DGY2748_4,3.8,88.12,6.76,3.6,40,57.54
159,DGY2750_1,0.31,92.12,6.49,0.01,75.8,25.43
159,DGY2750_3,0.21,93.83,5.1,0.05,81.07,19.74
159,DGY2751_1,91.96,7.67,0.24,92,3.76,4.3
159,DGY2751_2,0.63,95.57,3.35,0.12,46.09,55.14
159,DGY2751_3,0.5,94.55,4.42,0.06,81.38,19.64
159,DGY2751_4,1.31,95.17,3.25,0.14,24.77,76.7
159,DGY2755_1,8.95,88.5,2.91,5.54,65.01,32
159,DGY2755_2,1.28,94.62,3.61,0.11,21.77,79.75
159,DGY2755_3,1.52,91.71,6.03,0.12,25.93,75.61
159,DGY2755_4,1.79,88.85,8.14,0.09,43.58,58.52
159,DGY2769_1,0.04,11.11,88.51,0.04,92.48,9.06
159,DGY2769_2,0.14,4.23,95.49,0.14,94.44,6.6
159,DGY2769_3,0.13,10.4,89.32,0.08,94.03,7.28
159,DGY2769_4,0.03,5.02,94.8,0.01,93.67,7.61
177,DGY1_1,99.99,0,0,99.94,0,0
177,DGY1_2,99.95,0.02,0,99.94,0,0
177,DGY1_3,100,0,0,99.97,0,0
177,DGY500_1,99.95,0.03,0.01,0.11,91.95,9.07
177,DGY500_2,99.91,0.07,0,0.49,93.61,6.75
177,DGY500_3,99.96,0.04,0,0.08,97.76,2.55
177,DGY1315_1,99.91,0.04,0.04,0.11,0.61,99.47
177,DGY1315_2,99.97,0.03,0,0.03,13.04,92.72
177,DGY1315_3,99.97,0,0.01,0.15,0.92,99.43
177,DGY1657_1,99.99,0,0,0.04,96.14,4.48
177,DGY1657_2,99.97,0.01,0,0.01,97.37,3.08
177,DGY1657_3,99.99,0,0,0,97.38,3.22
177,DGY2331_1,0.09,27.27,69.43,99.77,0.06,0.06
177,DGY2331_2,0.01,20.79,75.97,99.96,0.01,0
177,DGY2331_3,0.07,62.83,32.89,99.98,0,0
177,DGY2349_1,0.21,93.62,5.21,99.85,0.01,0.03
177,DGY2349_2,0.07,94.35,1.07,99.93,0,0.02
177,DGY2349_3,0.05,96.2,1.57,99.98,0,0
177,DGY2543_1,23.07,43.94,0.38,0.5,98.99,0.61
177,DGY2543_2,0.89,91.43,1.27,0.07,98.82,1.43
177,DGY2543_3,8.23,88.24,2.86,8.2,88.56,3.86
177,DGY2546_1,0.06,93.77,5.23,0.04,93.29,7.99
177,DGY2546_2,0.07,95.22,3.95,0.07,93.94,6.95
177,DGY2546_3,0.1,95.16,3.89,0.07,95.22,5.71
177,DGY1883_1,99.97,0.02,0,0.1,0.1,99.81
177,DGY1883_2,100,0,0,0.03,0.23,99.73
177,DGY1883_3,99.98,0.02,0,0.12,0.14,99.76
177,DGY1883_4,99.94,0.04,0,0.04,0.15,99.83
177,DGY1886_1,99.95,0,0.03,0.02,70.74,31.32
177,DGY1886_2,99.98,0.02,0,0.07,41.1,59.66
177,DGY1886_3,99.94,0.02,0.02,0.13,42.47,59.56
177,DGY1886_4,99.97,0,0,1,60.34,39.91
177,DGY1917_1,100,0,0,0.04,0.9,99.07
177,DGY1917_2,99.98,0,0.02,0.24,0.84,98.94
177,DGY1917_3,99.99,0.01,0,0.03,0.63,99.35
177,DGY1917_4,99.96,0.03,0.01,0.07,0.39,99.54
177,DGY1920_1,94.25,5.57,0.05,0.03,6.49,93.8
177,DGY1920_2,100,0,0,0.44,1.48,98.56
177,DGY1920_3,100,0,0,0.05,1.14,99.12
177,DGY1920_4,99.97,0,0.02,0.02,0.88,99.41
177,DGY1976_1,99.91,0.03,0.04,0.1,0.72,99.18
177,DGY1976_2,100,0,0,0.03,0.93,99.04
177,DGY1976_3,99.97,0,0,0.07,0.83,99.09
177,DGY1976_4,99.99,0,0.01,0.06,0.69,99.26
177,DGY1988_1,99.95,0.04,0,0.09,0.54,99.39
177,DGY1988_2,100,0,0,0.9,0.43,98.64
177,DGY1988_3,99.98,0,0,0.05,0.19,99.76
177,DGY1988_4,100,0,0,0.05,0.35,99.61
177,DGY2702_1,0.08,3.16,96.24,0.04,91.3,11.19
177,DGY2702_2,0.03,5.79,93.1,0.01,92.33,9.73
177,DGY2702_3,0.07,10.21,88.22,0.07,90.29,11.85
177,DGY2702_4,0.11,3.69,95.62,0.08,85.62,17.86
177,DGY2748_1,0.31,97.68,1.55,0.05,7.59,93.4
177,DGY2748_2,0.32,98.53,0.94,0.12,69.25,40.14
177,DGY2748_3,0.04,95.71,3.73,0.01,31.27,69.52
177,DGY2748_4,1.87,92.62,4.54,1.89,43.55,55.91
177,DGY2750_1,0.09,92.13,6.56,0.07,77.32,24.5
177,DGY2750_3,0.02,92.9,5.9,0.02,81.76,19.57
177,DGY2751_1,94.85,4.96,0.14,94.72,2.91,2.36
177,DGY2751_2,0.14,96.01,3.31,0.13,48.15,52.57
177,DGY2751_3,0.05,95.28,3.96,0.04,82.77,18.34
177,DGY2751_4,0.09,96.44,2.96,0.05,23.91,76.88
177,DGY2755_1,2.71,95.16,1.79,2.54,74.48,26.72
177,DGY2755_2,0.13,96.21,3.12,0.08,21.57,78.85
177,DGY2755_3,0.11,95.82,3.31,0.06,29.06,71.53
177,DGY2755_4,0.03,93.92,5.33,0.04,60.12,41.22
177,DGY2769_1,0.21,13.19,86.18,0.2,92.45,8.65
177,DGY2769_2,0.14,4.11,95.45,0.12,92.88,8.52
177,DGY2769_3,0.04,11.4,88.42,0.04,92.51,8.93
177,DGY2769_4,0.12,5.89,93.91,0.09,93.52,7.72
195,DGY1_1,99.88,0.03,0.09,99.8,0.09,0
195,DGY1_2,99.95,0.02,0.03,99.93,0.03,0
195,DGY1_3,99.96,0,0.03,99.96,0.03,0
195,DGY500_1,99.84,0.05,0.09,0.17,89.07,12.32
195,DGY500_2,99.83,0.1,0.07,0.69,91.03,9.23
195,DGY500_3,99.91,0.03,0.04,0.06,97.99,2.57
195,DGY1315_1,99.64,0.02,0.32,0.02,0.78,99.35
195,DGY1315_2,99.89,0,0.11,0.09,15.05,91.68
195,DGY1315_3,99.92,0.03,0.04,0.08,0.9,99.39
195,DGY1657_1,99.95,0,0.02,0,95.18,5.48
195,DGY1657_2,99.92,0.02,0.06,0.08,96.79,3.62
195,DGY1657_3,99.9,0.02,0.05,0.05,96.9,3.61
195,DGY2331_1,0.09,27.51,68.59,99.83,0.05,0.09
195,DGY2331_2,0.02,19.27,77.97,99.88,0.09,0
195,DGY2331_3,0.1,55.04,40.74,99.94,0.06,0
195,DGY2349_1,3.12,91.83,4.83,99.81,0.04,0.13
195,DGY2349_2,24.23,79.72,1.28,99.98,0,0
195,DGY2349_3,9.06,92.02,1.27,99.98,0.02,0
195,DGY2543_1,32.28,69.53,0.71,0.87,98.15,1.05
195,DGY2543_2,6.93,91.99,1.86,0.06,98.49,1.71
195,DGY2543_3,14.86,83,2.3,13.22,84.18,3.3
195,DGY2546_1,1.7,93.32,4.58,0.08,94.97,5.81
195,DGY2546_2,5.43,93.37,2.23,0.02,97.29,3.25
195,DGY2546_3,3.65,93.91,2.95,0.23,96.64,3.95
195,DGY1883_1,99.94,0.01,0.04,0.15,0.16,99.69
195,DGY1883_2,99.94,0,0.06,0.02,0.29,99.68
195,DGY1883_3,99.88,0.05,0.07,0.07,0.16,99.74
195,DGY1883_4,99.87,0.04,0.1,0.04,0.31,99.66
195,DGY1886_1,99.92,0.03,0.05,0.05,73.96,29.76
195,DGY1886_2,99.95,0.02,0.03,0.02,44.99,55.41
195,DGY1886_3,99.93,0.02,0.05,0.09,49.43,53.98
195,DGY1886_4,99.92,0.03,0.05,0.75,67,32.97
195,DGY1917_1,99.97,0,0.03,0.03,0.66,99.31
195,DGY1917_2,99.88,0,0.1,0.27,1.2,98.48
195,DGY1917_3,99.96,0.03,0.01,0.04,0.59,99.41
195,DGY1917_4,99.95,0.02,0.02,0.05,0.37,99.59
195,DGY1920_1,92.64,7.31,0.15,0.12,8.59,91.55
195,DGY1920_2,99.98,0,0.02,0.63,1.71,98.37
195,DGY1920_3,99.95,0,0.05,0.05,0.92,99.33
195,DGY1920_4,99.96,0.04,0,0.02,0.55,99.63
195,DGY1976_1,99.94,0,0.04,0.07,0.63,99.32
195,DGY1976_2,99.93,0.01,0.05,0.01,1.1,98.9
195,DGY1976_3,99.97,0.02,0.02,0.02,0.67,99.33
195,DGY1976_4,99.96,0,0.04,0.04,0.41,99.64
195,DGY1988_1,99.83,0.06,0.11,0.12,0.58,99.31
195,DGY1988_2,99.96,0.02,0.02,0.36,0.5,99.18
195,DGY1988_3,99.98,0,0,0.04,0.38,99.6
195,DGY1988_4,99.95,0.02,0.03,0.1,0.54,99.37
195,DGY2702_1,0.97,2.65,95.94,0.95,89.58,12.51
195,DGY2702_2,0.06,5.36,93.33,0.03,92.39,9.84
195,DGY2702_3,0.11,14.24,83.84,0.06,93.7,7.43
195,DGY2702_4,0.09,4.68,94.31,0.06,89.82,12.8
195,DGY2748_1,1.11,96.18,2.66,0.11,7.86,92.81
195,DGY2748_2,4.06,95.41,1.8,0.32,62.45,51.17
195,DGY2748_3,0.33,95.42,3.81,0.11,31.71,68.85
195,DGY2748_4,1.73,95.02,2.9,0.9,47.55,52.41
195,DGY2750_1,0.13,89.51,8.79,0.12,78.7,23.38
195,DGY2750_3,0.05,91.51,7.31,0.02,82.22,19.29
195,DGY2751_1,96.8,3.02,0.15,96.74,2.06,1.21
195,DGY2751_2,0.79,96.35,2.68,0.24,51.27,49.45
195,DGY2751_3,0.22,95.11,4.04,0.04,83.52,17.54
195,DGY2751_4,0.34,96.75,2.55,0.05,24.71,75.91
195,DGY2755_1,5.52,93.62,1.55,2.38,78.7,23.78
195,DGY2755_2,0.38,96.06,3.16,0.13,22.48,77.87
195,DGY2755_3,0.29,94.06,4.77,0.07,32.54,68.28
195,DGY2755_4,0.14,91.41,7.57,0.01,71.2,30.63
195,DGY2769_1,0.18,14.13,84.94,0.09,93.43,7.52
195,DGY2769_2,0.46,4.3,95.04,0.2,94.83,5.88
195,DGY2769_3,0.03,14.05,85.78,0.03,93.09,8.22
195,DGY2769_4,0.11,6.25,93.55,0.05,95.1,5.87
219,DGY1_1,99.69,0,0,100,0,0
219,DGY1_2,99.13,0.02,0,99.98,0,0
219,DGY1_3,99.09,0.02,0,99.97,0,0
219,DGY500_1,98.93,0.05,0,0.15,94.31,6.28
219,DGY500_2,99.69,0.01,0,0.38,94.71,5.55
219,DGY500_3,98.91,0,0,0.09,99.49,0.54
219,DGY1315_1,99.56,0.02,0,0.1,0.58,99.55
219,DGY1315_2,99.71,0,0,0.02,34.35,76.12
219,DGY1315_3,99.44,0.02,0,0.05,8.1,96.06
219,DGY1657_1,99.46,0.02,0,0.06,98.24,1.86
219,DGY1657_2,99.81,0.04,0,0.11,98.68,1.45
219,DGY1657_3,99.74,0,0,0.04,98.89,1.35
219,DGY2331_1,0.17,66.37,29.33,99.98,0.02,0
219,DGY2331_2,0.04,51.22,44.42,99.96,0,0
219,DGY2331_3,0.13,81.44,16.2,99.96,0,0
219,DGY2349_1,9.11,91.02,1.86,99.87,0,0.05
219,DGY2349_2,37,68.18,0.3,100,0,0
219,DGY2349_3,25.49,78.54,0.6,100,0,0
219,DGY2543_1,10.02,89.02,1.45,1.3,97.45,1.69
219,DGY2543_2,23.34,76.79,0.93,0.3,99.16,0.65
219,DGY2543_3,30.13,70.03,1.5,22.21,76.03,2.07
219,DGY2546_1,3.05,94.01,3.57,0.11,95.59,5.09
219,DGY2546_2,8.45,90.96,2.5,0,96.97,3.68
219,DGY2546_3,2.98,94.95,2.4,26.7,71.81,1.72
219,DGY1883_1,99.84,0,0.02,0.2,0.28,99.51
219,DGY1883_2,99.56,0.02,0.02,0.07,0.15,99.8
219,DGY1883_3,99.51,0.04,0,0.13,0.37,99.51
219,DGY1883_4,99.46,0.02,0.02,0.12,0.33,99.57
219,DGY1886_1,99.51,0.05,0,0.07,87.51,14.87
219,DGY1886_2,99.27,0.06,0,1.1,68.71,34.75
219,DGY1886_3,99.39,0,0,0.08,70.81,31.76
219,DGY1886_4,99.71,0,0,0.4,78.59,21.61
219,DGY1917_1,99.82,0.02,0,0.04,0.89,99.06
219,DGY1917_2,99.14,0,0,0.31,0.92,98.8
219,DGY1917_3,99.66,0.03,0,0.07,0.51,99.39
219,DGY1917_4,99.23,0,0,0,0.25,99.75
219,DGY1920_1,95.9,4.07,0.05,0.09,5.84,94.3
219,DGY1920_2,99.17,0,0,0.21,1.61,98.79
219,DGY1920_3,99.79,0.06,0,0.19,1.33,98.8
219,DGY1920_4,94.29,4.76,0,9.52,1.9,88.57
219,DGY1976_1,99.83,0.05,0,0.08,0.48,99.47
219,DGY1976_2,99.81,0.03,0,0.02,0.81,99.14
219,DGY1976_3,99.85,0,0,0.06,0.65,99.33
219,DGY1976_4,99.96,0.02,0,0.04,0.61,99.37
219,DGY1988_1,99.97,0,0,0.08,0.5,99.43
219,DGY1988_2,99.68,0.02,0.02,1.15,0.28,98.57
219,DGY1988_3,99.9,0.02,0.02,0.08,0.36,99.62
219,DGY1988_4,99.92,0,0,0.08,0.48,99.5
219,DGY2702_1,0.83,3.81,94.94,0.8,89.58,12.3
219,DGY2702_2,0.11,8.25,90.04,0.11,92.78,8.65
219,DGY2702_3,0.52,36.22,60.31,0.5,93.94,6.35
219,DGY2702_4,0.1,5.92,93,0.1,86.78,16.52
219,DGY2748_1,1.66,95.48,3.01,0.06,9.68,90.88
219,DGY2748_2,10,90.62,2.72,0.19,65.59,47.29
219,DGY2748_3,0.62,94.87,3.73,0.07,40.23,60.48
219,DGY2748_4,5.32,91.09,3.95,0.25,53.67,46.85
219,DGY2750_1,0.16,88.04,9.95,0.03,82.76,19.37
219,DGY2750_3,1.36,94.16,4.04,0.04,89.93,11.37
219,DGY2751_1,96.72,2.77,0.2,96.8,2.6,0.63
219,DGY2751_2,1.98,93.61,4.21,0.79,56.16,44.13
219,DGY2751_3,0.27,92.21,6.46,0.09,82.87,18.68
219,DGY2751_4,1.05,94.88,3.75,0.24,32.63,67.64
219,DGY2755_1,6.46,93.24,1.88,0.82,85.99,18.16
219,DGY2755_2,0.35,93.91,4.61,0.14,22.18,78.08
219,DGY2755_3,0.36,93.4,5.3,0.17,42.33,58.52
219,DGY2755_4,0.19,88.96,9.41,0.17,77.3,25.03
219,DGY2769_1,0.37,14.02,84.78,0.15,94.73,6.13
219,DGY2769_2,0.24,3.9,95.49,0.17,94.58,6.12
219,DGY2769_3,0.07,14.88,84.72,0.03,92.01,9.56
219,DGY2769_4,0.15,6.56,92.98,0.11,96.41,4.67
